{"cameraMode":{"drawMode":0,"name":"Shaded","section":"Shading Mode"},"sceneLighting":false,"audioPlay":false,"sceneViewState":{"showFog":true,"showMaterialUpdate":true,"showSkybox":false,"showFlares":true,"showImageEffects":true,"showParticleSystems":true},"in2DMode":false,"pivot":{"x":9.840988159179688,"y":19.811866760253908,"z":-13.837196350097657},"rotation":{"x":0.09226834028959274,"y":0.004474864806979895,"z":-0.00047313212417066097,"w":0.9957654476165772},"size":8.515059471130371,"orthographic":false}