{"cameraMode":{"drawMode":0,"name":"Shaded","section":"Shading Mode"},"sceneLighting":false,"audioPlay":false,"sceneViewState":{"showFog":false,"showMaterialUpdate":true,"showSkybox":false,"showFlares":true,"showImageEffects":true,"showParticleSystems":true},"in2DMode":false,"pivot":{"x":0.0,"y":7.450580596923828e-9,"z":-3.725290298461914e-9},"rotation":{"x":0.2690834403038025,"y":0.32006123661994936,"z":-0.09533610939979553,"w":0.9033644199371338},"size":0.2823812961578369,"orthographic":false}