{"cameraMode":{"drawMode":0,"name":"Shaded","section":"Shading Mode"},"sceneLighting":false,"audioPlay":false,"sceneViewState":{"showFog":false,"showMaterialUpdate":true,"showSkybox":false,"showFlares":true,"showImageEffects":true,"showParticleSystems":true},"in2DMode":false,"pivot":{"x":1.7812888622283936,"y":-0.13662153482437135,"z":-0.9923093318939209},"rotation":{"x":-0.21362370252609254,"y":-0.5145798921585083,"z":0.1341375857591629,"w":-0.819502055644989},"size":1.064032793045044,"orthographic":false}