{"cameraMode":{"drawMode":0,"name":"Shaded","section":"Shading Mode"},"sceneLighting":false,"audioPlay":false,"sceneViewState":{"showFog":false,"showMaterialUpdate":true,"showSkybox":false,"showFlares":true,"showImageEffects":true,"showParticleSystems":true},"in2DMode":false,"pivot":{"x":0.052972108125686648,"y":-0.03541341423988342,"z":-0.08145010471343994},"rotation":{"x":0.0955035537481308,"y":0.879962146282196,"z":-0.20001356303691865,"w":0.4201771318912506},"size":0.7332854270935059,"orthographic":false}