{"cameraMode":{"drawMode":0,"name":"Shaded","section":"Shading Mode"},"sceneLighting":false,"audioPlay":false,"sceneViewState":{"showFog":true,"showMaterialUpdate":true,"showSkybox":false,"showFlares":true,"showImageEffects":true,"showParticleSystems":true},"in2DMode":false,"pivot":{"x":12.516222953796387,"y":25.54013442993164,"z":-75.09579467773438},"rotation":{"x":0.23421092331409455,"y":-0.000014463856132351793,"z":-0.00005685206997441128,"w":0.972227156162262},"size":3.045234203338623,"orthographic":false}