{"cameraMode":{"drawMode":0,"name":"Shaded","section":"Shading Mode"},"sceneLighting":true,"audioPlay":false,"sceneViewState":{"showFog":true,"showMaterialUpdate":false,"showSkybox":true,"showFlares":true,"showImageEffects":true,"showParticleSystems":true},"in2DMode":false,"pivot":{"x":0.0631718561053276,"y":8.917163848876954,"z":-15.922163009643555},"rotation":{"x":0.13013361394405366,"y":0.0000012961297670699424,"z":0.000013763791685050819,"w":0.9915275573730469},"size":22.806961059570314,"orthographic":false}