{"cameraMode":{"drawMode":0,"name":"Shaded","section":"Shading Mode"},"sceneLighting":false,"audioPlay":false,"sceneViewState":{"showFog":true,"showMaterialUpdate":false,"showSkybox":false,"showFlares":true,"showImageEffects":true,"showParticleSystems":true},"in2DMode":false,"pivot":{"x":2.081605911254883,"y":-0.6547651290893555,"z":4.655721664428711},"rotation":{"x":-0.20436103641986848,"y":-0.0008840214577503502,"z":0.00018431934586260468,"w":-0.9789004325866699},"size":14.665664672851563,"orthographic":false}