{"cameraMode":{"drawMode":0,"name":"Shaded","section":"Shading Mode"},"sceneLighting":false,"audioPlay":false,"sceneViewState":{"showFog":true,"showMaterialUpdate":false,"showSkybox":false,"showFlares":true,"showImageEffects":true,"showParticleSystems":true},"in2DMode":false,"pivot":{"x":0.04675459861755371,"y":0.20250076055526734,"z":-0.18382522463798524},"rotation":{"x":-0.14139975607395173,"y":-0.6878454685211182,"z":0.13929681479930879,"w":-0.6982350945472717},"size":1.866642713546753,"orthographic":false}